{
  "navigationBarTitleText": "刷题",
  "navigationStyle": "custom",
  "navigationBarTextStyle": "black",
  "usingComponents": {
    "Header": "/subPackageZ/components/Header/Header",
    "Selector": "/subPackageZ/components/Selector/Selector",
    "Modal": "/subPackageZ/components/Modal/Modal",
    "Sheet": "/subPackageZ/components/Sheet/Sheet",
    "audio-player": "/components/audio-player/audio-player",
    "audio-record": "/components/audio-record/audio-record",
    "sketch-card": "/components/sketch-card/sketch-card",
    "bring-model": "/components/bring-model/bring-model",
    "htmltowxml": "plugin://htmltowxml/view"
  }
}
