{
  "description": "项目私有配置文件。此文件中的内容将覆盖 project.config.json 中的相同字段。项目的改动优先同步到此文件中。详见文档：https://developers.weixin.qq.com/miniprogram/dev/devtools/projectconfig.html",
  "condition": {
    "miniprogram": {
      "list": [
        {
          "name": "",
          "pathName": "PackageA/pages/stzy/stzy",
          "query": "type=2",
          "launchMode": "default",
          "scene": null
        },
        {
          "name": "",
          "pathName": "subPackageZ/pages/brush-topic/brush-topic",
          "query": "rand=0&library_id=4&type=1",
          "launchMode": "default",
          "scene": null
        },
        {
          "name": "",
          "pathName": "pageQ/pages/note/note",
          "query": "",
          "launchMode": "default",
          "scene": null
        },
        {
          "name": "",
          "pathName": "pageQ/pages/note_list/note_list",
          "query": "",
          "launchMode": "default",
          "scene": null
        },
        {
          "name": "",
          "pathName": "PackageA/pages/index/index",
          "query": "",
          "launchMode": "default",
          "scene": null
        },
        {
          "name": "",
          "pathName": "PackageA/pages/xx/xx",
          "query": "",
          "launchMode": "default",
          "scene": null
        },
        {
          "name": "",
          "pathName": "PackageA/pages/index/index",
          "query": "",
          "launchMode": "default",
          "scene": null
        },
        {
          "name": "",
          "pathName": "PackageA/pages/xx/xx",
          "query": "",
          "launchMode": "default",
          "scene": null
        },
        {
          "name": "",
          "pathName": "pages/shareTk/shareTk",
          "query": "id=3",
          "launchMode": "default",
          "scene": null
        },
        {
          "name": "",
          "pathName": "pages/shareTk/shareTk",
          "query": "id=4",
          "launchMode": "default",
          "scene": null
        },
        {
          "name": "",
          "pathName": "pageQ/pages/fault/fault",
          "query": "",
          "launchMode": "default",
          "scene": null
        },
        {
          "name": "",
          "pathName": "pageQ/pages/note/note",
          "query": "",
          "launchMode": "default",
          "scene": null
        },
        {
          "name": "",
          "pathName": "pageQ/pages/note/note",
          "query": "",
          "launchMode": "default",
          "scene": null
        },
        {
          "name": "",
          "pathName": "PackageA/pages/wybc/wybc",
          "query": "",
          "launchMode": "default",
          "scene": null
        },
        {
          "name": "",
          "pathName": "subPackageZ/pages/brush-topic/brush-topic",
          "query": "rand=0&library_id=220&chapter_id=2286",
          "launchMode": "default",
          "scene": null
        },
        {
          "name": "",
          "pathName": "pageQ/pages/pdf/pdf",
          "query": "library_id=237",
          "launchMode": "default",
          "scene": null
        },
        {
          "name": "webview",
          "pathName": "pages/webview/webview",
          "query": "type=1&url=http%3A%2F%2F8080.maxkb.seniorfd.com%3A8080%2Fui%2Fchat%2Fb5a7e8c9e95d2b3f",
          "launchMode": "default",
          "scene": null
        }
      ]
    }
  },
  "setting": {
    "compileHotReLoad": true,
    "urlCheck": false
  },
  "libVersion": "2.29.0",
  "projectname": "zcc2marx"
}